200,911,CCL-01,修了証ステップ1,,,,,,,000,000,1,0,,NNNY,NNNY,NNNY,,,,,,,,,,,,,,,,,,,,,,,,,,,,,,0,0,999,0,,,,,,,,,3,,,,,,,,,,,,,,,A,200,1,1,1,,,,,,,
200,911,CCC-01,出席カードステップ1,,,,,,,000,000,1,0,,NNNY,NNNY,NNNY,,,,,,,,,,,,,,,,,,,,,,,,,,,,,,0,0,999,0,,,,,,,,,3,,,,,,,,,,,,,,,A,200,1,1,1,,,,,,,
200,911,CCS-01,出席シールステップ1,,,,,,,000,000,1,0,,NNNY,NNNY,NNNY,,,,,,,,,,,,,,,,,,,,,,,,,,,,,,0,0,999,0,,,,,,,,,3,,,,,,,,,,,,,,,A,200,1,1,1,,,,,,,
200,911,CCL-02,修了証ステップ2,,,,,,,000,000,1,0,,NNNY,NNNY,NNNY,,,,,,,,,,,,,,,,,,,,,,,,,,,,,,0,0,999,0,,,,,,,,,3,,,,,,,,,,,,,,,A,200,1,1,1,,,,,,,
200,911,CCC-02,出席カードステップ2,,,,,,,000,000,1,0,,NNNY,NNNY,NNNY,,,,,,,,,,,,,,,,,,,,,,,,,,,,,,0,0,999,0,,,,,,,,,3,,,,,,,,,,,,,,,A,200,1,1,1,,,,,,,
200,911,CCS-02,出席シールステップ2,,,,,,,000,000,1,0,,NNNY,NNNY,NNNY,,,,,,,,,,,,,,,,,,,,,,,,,,,,,,0,0,999,0,,,,,,,,,3,,,,,,,,,,,,,,,A,200,1,1,1,,,,,,,
200,911,CCL-03,修了証ステップ3,,,,,,,000,000,1,0,,NNNY,NNNY,NNNY,,,,,,,,,,,,,,,,,,,,,,,,,,,,,,0,0,999,0,,,,,,,,,3,,,,,,,,,,,,,,,A,200,1,1,1,,,,,,,
200,911,CCC-03,出席カードステップ3,,,,,,,000,000,1,0,,NNNY,NNNY,NNNY,,,,,,,,,,,,,,,,,,,,,,,,,,,,,,0,0,999,0,,,,,,,,,3,,,,,,,,,,,,,,,A,200,1,1,1,,,,,,,
200,911,CCS-03,出席シールステップ3,,,,,,,000,000,1,0,,NNNY,NNNY,NNNY,,,,,,,,,,,,,,,,,,,,,,,,,,,,,,0,0,999,0,,,,,,,,,3,,,,,,,,,,,,,,,A,200,1,1,1,,,,,,,
200,911,CCL-04,修了証ステップ4,,,,,,,000,000,1,0,,NNNY,NNNY,NNNY,,,,,,,,,,,,,,,,,,,,,,,,,,,,,,0,0,999,0,,,,,,,,,3,,,,,,,,,,,,,,,A,200,1,1,1,,,,,,,
200,911,CCC-04,出席カードステップ4,,,,,,,000,000,1,0,,NNNY,NNNY,NNNY,,,,,,,,,,,,,,,,,,,,,,,,,,,,,,0,0,999,0,,,,,,,,,3,,,,,,,,,,,,,,,A,200,1,1,1,,,,,,,
200,911,CCS-04,出席シールステップ4,,,,,,,000,000,1,0,,NNNY,NNNY,NNNY,,,,,,,,,,,,,,,,,,,,,,,,,,,,,,0,0,999,0,,,,,,,,,3,,,,,,,,,,,,,,,A,200,1,1,1,,,,,,,
200,911,CCL-05,修了証ステップ5,,,,,,,000,000,1,0,,NNNY,NNNY,NNNY,,,,,,,,,,,,,,,,,,,,,,,,,,,,,,0,0,999,0,,,,,,,,,3,,,,,,,,,,,,,,,A,200,1,1,1,,,,,,,
200,911,CCC-05,出席カードステップ5,,,,,,,000,000,1,0,,NNNY,NNNY,NNNY,,,,,,,,,,,,,,,,,,,,,,,,,,,,,,0,0,999,0,,,,,,,,,3,,,,,,,,,,,,,,,A,200,1,1,1,,,,,,,
200,911,CCS-05,出席シールステップ5,,,,,,,000,000,1,0,,NNNY,NNNY,NNNY,,,,,,,,,,,,,,,,,,,,,,,,,,,,,,0,0,999,0,,,,,,,,,3,,,,,,,,,,,,,,,A,200,1,1,1,,,,,,,
200,911,CCL-10,修了証ベビー,,,,,,,000,000,1,0,,NNNY,NNNY,NNNY,,,,,,,,,,,,,,,,,,,,,,,,,,,,,,0,0,999,0,,,,,,,,,3,,,,,,,,,,,,,,,A,200,1,1,1,,,,,,,
200,911,CCC-10E,出席カードベビー前期,,,,,,,000,000,1,0,,NNNY,NNNY,NNNY,,,,,,,,,,,,,,,,,,,,,,,,,,,,,,0,0,999,0,,,,,,,,,3,,,,,,,,,,,,,,,A,200,1,1,1,,,,,,,
200,911,CCC-10Ｌ,出席カードベビー後期,,,,,,,000,000,1,0,,NNNY,NNNY,NNNY,,,,,,,,,,,,,,,,,,,,,,,,,,,,,,0,0,999,0,,,,,,,,,3,,,,,,,,,,,,,,,A,200,1,1,1,,,,,,,
200,911,CCL-99,修了証その他,,,,,,,000,000,1,0,,NNNY,NNNY,NNNY,,,,,,,,,,,,,,,,,,,,,,,,,,,,,,0,0,999,0,,,,,,,,,3,,,,,,,,,,,,,,,A,200,1,1,1,,,,,,,
200,911,DM-13,ご案内カード(50枚),,,,,,,000,000,1,0,,NNNY,NNNY,NNNY,,,,,,,,,,,,,,,,,,,,,,,,,,,,,,0,0,999,0,,,,,,,,,3,,,,,,,,,,,,,,,A,200,1,1,1,,,,,,,
200,911,DM-14,ハガキサイズのご案内カード(30枚),,,,,,,000,000,1,0,,NNNY,NNNY,NNNY,,,,,,,,,,,,,,,,,,,,,,,,,,,,,,0,0,999,0,,,,,,,,,3,,,,,,,,,,,,,,,A,200,1,1,1,,,,,,,
200,911,LP-1,初級指導資格認定証,,,,,,,000,000,1,0,,NNNY,NNNY,NNNY,,,,,,,,,,,,,,,,,,,,,,,,,,,,,,0,0,999,0,,,,,,,,,3,,,,,,,,,,,,,,,A,200,1,1,1,,,,,,,
200,911,LP-2,中級指導資格認定証 ,,,,,,,000,000,1,0,,NNNY,NNNY,NNNY,,,,,,,,,,,,,,,,,,,,,,,,,,,,,,0,0,999,0,,,,,,,,,3,,,,,,,,,,,,,,,A,200,1,1,1,,,,,,,
200,911,LP-3,上級指導資格認定証,,,,,,,000,000,1,0,,NNNY,NNNY,NNNY,,,,,,,,,,,,,,,,,,,,,,,,,,,,,,0,0,999,0,,,,,,,,,3,,,,,,,,,,,,,,,A,200,1,1,1,,,,,,,
200,911,LPC-01 ,ディプロマ認定証ケース,,,,,,,000,000,1,0,,NNNY,NNNY,NNNY,,,,,,,,,,,,,,,,,,,,,,,,,,,,,,0,0,999,0,,,,,,,,,3,,,,,,,,,,,,,,,A,200,1,1,1,,,,,,,
200,911,LPD-01,ディプロマ認定証A,,,,,,,000,000,1,0,,NNNY,NNNY,NNNY,,,,,,,,,,,,,,,,,,,,,,,,,,,,,,0,0,999,0,,,,,,,,,3,,,,,,,,,,,,,,,A,200,1,1,1,,,,,,,
200,911,LPD-02,ディプロマ認定証B,,,,,,,000,000,1,0,,NNNY,NNNY,NNNY,,,,,,,,,,,,,,,,,,,,,,,,,,,,,,0,0,999,0,,,,,,,,,3,,,,,,,,,,,,,,,A,200,1,1,1,,,,,,,
200,911,LPY-01,幼稚園･保育園のためのリトミック認定証,,,,,,,000,000,1,0,,NNNY,NNNY,NNNY,,,,,,,,,,,,,,,,,,,,,,,,,,,,,,0,0,999,0,,,,,,,,,3,,,,,,,,,,,,,,,A,200,1,1,1,,,,,,,
200,911,MK-02,認定教室運営マニュアル,,,,,,,000,000,1,0,,NNNY,NNNY,NNNY,,,,,,,,,,,,,,,,,,,,,,,,,,,,,,0,0,999,0,,,,,,,,,3,,,,,,,,,,,,,,,A,200,1,1,1,,,,,,,
200,911,RCC-01A,Cクラブご案内(生徒保護者用),,,,,,,000,000,1,0,,NNNY,NNNY,NNNY,,,,,,,,,,,,,,,,,,,,,,,,,,,,,,0,0,999,0,,,,,,,,,3,,,,,,,,,,,,,,,A,200,1,1,1,,,,,,,
200,911,RCC-02,Cクラブ交通障害お見舞制度規約,,,,,,,000,000,1,0,,NNNY,NNNY,NNNY,,,,,,,,,,,,,,,,,,,,,,,,,,,,,,0,0,999,0,,,,,,,,,3,,,,,,,,,,,,,,,A,200,1,1,1,,,,,,,
200,911,RCC-03,Cクラブ交通傷害お見舞金申請書,,,,,,,000,000,1,0,,NNNY,NNNY,NNNY,,,,,,,,,,,,,,,,,,,,,,,,,,,,,,0,0,999,0,,,,,,,,,3,,,,,,,,,,,,,,,A,200,1,1,1,,,,,,,
200,911,RF-06,封筒(角2),,,,,,,000,000,1,0,,NNNY,NNNY,NNNY,,,,,,,,,,,,,,,,,,,,,,,,,,,,,,0,0,999,0,,,,,,,,,3,,,,,,,,,,,,,,,A,200,1,1,1,,,,,,,
200,911,RF-07,封筒(長3)  ,,,,,,,000,000,1,0,,NNNY,NNNY,NNNY,,,,,,,,,,,,,,,,,,,,,,,,,,,,,,0,0,999,0,,,,,,,,,3,,,,,,,,,,,,,,,A,200,1,1,1,,,,,,,
200,911,RF-08,封筒(長3窓付),,,,,,,000,000,1,0,,NNNY,NNNY,NNNY,,,,,,,,,,,,,,,,,,,,,,,,,,,,,,0,0,999,0,,,,,,,,,3,,,,,,,,,,,,,,,A,200,1,1,1,,,,,,,
200,911,RK-02,教材のご注文方法と注文書サンプル,,,,,,,000,000,1,0,,NNNY,NNNY,NNNY,,,,,,,,,,,,,,,,,,,,,,,,,,,,,,0,0,999,0,,,,,,,,,3,,,,,,,,,,,,,,,A,200,1,1,1,,,,,,,
200,911,RK-03,教室用看板,,,,,,,000,000,1,0,,NNNY,NNNY,NNNY,,,,,,,,,,,,,,,,,,,,,,,,,,,,,,0,0,999,0,,,,,,,,,3,,,,,,,,,,,,,,,A,200,1,1,1,,,,,,,
200,911,RK-04,認定幼保看板,,,,,,,000,000,1,0,,NNNY,NNNY,NNNY,,,,,,,,,,,,,,,,,,,,,,,,,,,,,,0,0,999,0,,,,,,,,,3,,,,,,,,,,,,,,,A,200,1,1,1,,,,,,,
200,911,RKB-1,リトミック研究センター支局証,,,,,,,000,000,1,0,,NNNY,NNNY,NNNY,,,,,,,,,,,,,,,,,,,,,,,,,,,,,,0,0,999,0,,,,,,,,,3,,,,,,,,,,,,,,,A,200,1,1,1,,,,,,,
200,911,RKN-02,リト研教室認定証 (証紙＋額) ,,,,,,,000,000,1,0,,NNNY,NNNY,NNNY,,,,,,,,,,,,,,,,,,,,,,,,,,,,,,0,0,999,0,,,,,,,,,3,,,,,,,,,,,,,,,A,200,1,1,1,,,,,,,
200,911,RKN-02B,リト研教室認定証(半額分),,,,,,,000,000,1,0,,NNNY,NNNY,NNNY,,,,,,,,,,,,,,,,,,,,,,,,,,,,,,0,0,999,0,,,,,,,,,3,,,,,,,,,,,,,,,A,200,1,1,1,,,,,,,
200,911,RKN-03,幼保認定証額縁 ,,,,,,,000,000,1,0,,NNNY,NNNY,NNNY,,,,,,,,,,,,,,,,,,,,,,,,,,,,,,0,0,999,0,,,,,,,,,3,,,,,,,,,,,,,,,A,200,1,1,1,,,,,,,
200,911,RKP-01A,広報パンフ(50),,,,,,,000,000,1,0,,NNNY,NNNY,NNNY,,,,,,,,,,,,,,,,,,,,,,,,,,,,,,0,0,999,0,,,,,,,,,3,,,,,,,,,,,,,,,A,200,1,1,1,,,,,,,
200,911,RKP-08  ,教室のご案内パンフレット(50)  ,,,,,,,000,000,1,0,,NNNY,NNNY,NNNY,,,,,,,,,,,,,,,,,,,,,,,,,,,,,,0,0,999,0,,,,,,,,,3,,,,,,,,,,,,,,,A,200,1,1,1,,,,,,,
200,911,RNB-01  ,のぼり,,,,,,,000,000,1,0,,NNNY,NNNY,NNNY,,,,,,,,,,,,,,,,,,,,,,,,,,,,,,0,0,999,0,,,,,,,,,3,,,,,,,,,,,,,,,A,200,1,1,1,,,,,,,
200,911,ROK-06,クラフト素材Step2～5セット,,,,,,,000,000,1,0,,NNNY,NNNY,NNNY,,,,,,,,,,,,,,,,,,,,,,,,,,,,,,0,0,999,0,,,,,,,,,3,,,,,,,,,,,,,,,A,200,1,1,1,,,,,,,
200,911,ROK-10 ,月例研修会受講のしおり（こども）,,,,,,,000,000,1,0,,NNNY,NNNY,NNNY,,,,,,,,,,,,,,,,,,,,,,,,,,,,,,0,0,999,0,,,,,,,,,3,,,,,,,,,,,,,,,A,200,1,1,1,,,,,,,
200,911,ROK-12,クラフト素材Step2,,,,,,,000,000,1,0,,NNNY,NNNY,NNNY,,,,,,,,,,,,,,,,,,,,,,,,,,,,,,0,0,999,0,,,,,,,,,3,,,,,,,,,,,,,,,A,200,1,1,1,,,,,,,
200,911,ROK-13,クラフト素材Step3,,,,,,,000,000,1,0,,NNNY,NNNY,NNNY,,,,,,,,,,,,,,,,,,,,,,,,,,,,,,0,0,999,0,,,,,,,,,3,,,,,,,,,,,,,,,A,200,1,1,1,,,,,,,
200,911,ROK-14,クラフト素材Step4,,,,,,,000,000,1,0,,NNNY,NNNY,NNNY,,,,,,,,,,,,,,,,,,,,,,,,,,,,,,0,0,999,0,,,,,,,,,3,,,,,,,,,,,,,,,A,200,1,1,1,,,,,,,
200,911,ROK-15,クラフト素材Step5,,,,,,,000,000,1,0,,NNNY,NNNY,NNNY,,,,,,,,,,,,,,,,,,,,,,,,,,,,,,0,0,999,0,,,,,,,,,3,,,,,,,,,,,,,,,A,200,1,1,1,,,,,,,
200,911,RRK-09,貼ってはがせるおこさまランチシール,,,,,,,000,000,1,0,,NNNY,NNNY,NNNY,,,,,,,,,,,,,,,,,,,,,,,,,,,,,,0,0,999,0,,,,,,,,,3,,,,,,,,,,,,,,,A,200,1,1,1,,,,,,,
200,911,RRK-10,ジグソーパズル(12P),,,,,,,000,000,1,0,,NNNY,NNNY,NNNY,,,,,,,,,,,,,,,,,,,,,,,,,,,,,,0,0,999,0,,,,,,,,,3,,,,,,,,,,,,,,,A,200,1,1,1,,,,,,,
200,911,RRK-11 ,じゆうがちょう,,,,,,,000,000,1,0,,NNNY,NNNY,NNNY,,,,,,,,,,,,,,,,,,,,,,,,,,,,,,0,0,999,0,,,,,,,,,3,,,,,,,,,,,,,,,A,200,1,1,1,,,,,,,
200,911,RRK-20,リトミック研究センターロゴ入りクリアファイル(25枚セット),,,,,,,000,000,1,0,,NNNY,NNNY,NNNY,,,,,,,,,,,,,,,,,,,,,,,,,,,,,,0,0,999,0,,,,,,,,,3,,,,,,,,,,,,,,,A,200,1,1,1,,,,,,,
200,911,RRK-21,オリジナルキャラクターファイル(25枚セット),,,,,,,000,000,1,0,,NNNY,NNNY,NNNY,,,,,,,,,,,,,,,,,,,,,,,,,,,,,,0,0,999,0,,,,,,,,,3,,,,,,,,,,,,,,,A,200,1,1,1,,,,,,,
200,911,RRK-22,オリジナルキャラクターファイルブルー(25枚セット),,,,,,,000,000,1,0,,NNNY,NNNY,NNNY,,,,,,,,,,,,,,,,,,,,,,,,,,,,,,0,0,999,0,,,,,,,,,3,,,,,,,,,,,,,,,A,200,1,1,1,,,,,,,
200,911,RRK-23,オリジナルキャラクターファイルイエロー(25枚セット),,,,,,,000,000,1,0,,NNNY,NNNY,NNNY,,,,,,,,,,,,,,,,,,,,,,,,,,,,,,0,0,999,0,,,,,,,,,3,,,,,,,,,,,,,,,A,200,1,1,1,,,,,,,
200,911,RSC-07   ,生徒募集チラシ(200枚)A4,,,,,,,000,000,1,0,,NNNY,NNNY,NNNY,,,,,,,,,,,,,,,,,,,,,,,,,,,,,,0,0,999,0,,,,,,,,,3,,,,,,,,,,,,,,,A,200,1,1,1,,,,,,,
200,911,RSC-07B,生徒募集チラシ(1000枚)A4,,,,,,,000,000,1,0,,NNNY,NNNY,NNNY,,,,,,,,,,,,,,,,,,,,,,,,,,,,,,0,0,999,0,,,,,,,,,3,,,,,,,,,,,,,,,A,200,1,1,1,,,,,,,
200,911,BC ,カラーボード,,,,,,,000,000,1,0,,NNNY,NNNY,NNNY,,,,,,,,,,,,,,,,,,,,,,,,,,,,,,0,0,999,0,,,,,,,,,3,,,,,,,,,,,,,,,A,200,1,1,1,,,,,,,
200,911,BC-L  ,カラーボード(大),,,,,,,000,000,1,0,,NNNY,NNNY,NNNY,,,,,,,,,,,,,,,,,,,,,,,,,,,,,,0,0,999,0,,,,,,,,,3,,,,,,,,,,,,,,,A,200,1,1,1,,,,,,,
200,911,BC-M,新カラーボード,,,,,,,000,000,1,0,,NNNY,NNNY,NNNY,,,,,,,,,,,,,,,,,,,,,,,,,,,,,,0,0,999,0,,,,,,,,,3,,,,,,,,,,,,,,,A,200,1,1,1,,,,,,,
200,911,FCD-22,譜例演奏CD Step2,,,,,,,000,000,1,0,,NNNY,NNNY,NNNY,,,,,,,,,,,,,,,,,,,,,,,,,,,,,,0,0,999,0,,,,,,,,,3,,,,,,,,,,,,,,,A,200,1,1,1,,,,,,,
200,911,FCD-33,譜例演奏CD Step3,,,,,,,000,000,1,0,,NNNY,NNNY,NNNY,,,,,,,,,,,,,,,,,,,,,,,,,,,,,,0,0,999,0,,,,,,,,,3,,,,,,,,,,,,,,,A,200,1,1,1,,,,,,,
200,911,FCD-45,譜例演奏CD Step4・5,,,,,,,000,000,1,0,,NNNY,NNNY,NNNY,,,,,,,,,,,,,,,,,,,,,,,,,,,,,,0,0,999,0,,,,,,,,,3,,,,,,,,,,,,,,,A,200,1,1,1,,,,,,,
200,911,KB-01,くまさんのおくち,,,,,,,000,000,1,0,,NNNY,NNNY,NNNY,,,,,,,,,,,,,,,,,,,,,,,,,,,,,,0,0,999,0,,,,,,,,,3,,,,,,,,,,,,,,,A,200,1,1,1,,,,,,,
200,911,KBH-10,リトミックのためのピアノ演奏法,,,,,,,000,000,1,0,,NNNY,NNNY,NNNY,,,,,,,,,,,,,,,,,,,,,,,,,,,,,,0,0,999,0,,,,,,,,,3,,,,,,,,,,,,,,,A,200,1,1,1,,,,,,,
200,911,KR-105,リトミック105,,,,,,,000,000,1,0,,NNNY,NNNY,NNNY,,,,,,,,,,,,,,,,,,,,,,,,,,,,,,0,0,999,0,,,,,,,,,3,,,,,,,,,,,,,,,A,200,1,1,1,,,,,,,
200,911,KSR-1,動物カード,,,,,,,000,000,1,0,,NNNY,NNNY,NNNY,,,,,,,,,,,,,,,,,,,,,,,,,,,,,,0,0,999,0,,,,,,,,,3,,,,,,,,,,,,,,,A,200,1,1,1,,,,,,,
200,911,KSR-2,動物音符カード,,,,,,,000,000,1,0,,NNNY,NNNY,NNNY,,,,,,,,,,,,,,,,,,,,,,,,,,,,,,0,0,999,0,,,,,,,,,3,,,,,,,,,,,,,,,A,200,1,1,1,,,,,,,
200,911,LB-2,レッスンバッグ,,,,,,,000,000,1,0,,NNNY,NNNY,NNNY,,,,,,,,,,,,,,,,,,,,,,,,,,,,,,0,0,999,0,,,,,,,,,3,,,,,,,,,,,,,,,A,200,1,1,1,,,,,,,
200,911,MKG-10,母親セミナーガイドブック,,,,,,,000,000,1,0,,NNNY,NNNY,NNNY,,,,,,,,,,,,,,,,,,,,,,,,,,,,,,0,0,999,0,,,,,,,,,3,,,,,,,,,,,,,,,A,200,1,1,1,,,,,,,
200,911,MKH-10   ,指導書ひとりからのクラス作り,,,,,,,000,000,1,0,,NNNY,NNNY,NNNY,,,,,,,,,,,,,,,,,,,,,,,,,,,,,,0,0,999,0,,,,,,,,,3,,,,,,,,,,,,,,,A,200,1,1,1,,,,,,,
200,911,MKL-01,指導書ベビーのためのリトミック    ,,,,,,,000,000,1,0,,NNNY,NNNY,NNNY,,,,,,,,,,,,,,,,,,,,,,,,,,,,,,0,0,999,0,,,,,,,,,3,,,,,,,,,,,,,,,A,200,1,1,1,,,,,,,
200,911,MKL-100  ,指導書Step100    ,,,,,,,000,000,1,0,,NNNY,NNNY,NNNY,,,,,,,,,,,,,,,,,,,,,,,,,,,,,,0,0,999,0,,,,,,,,,3,,,,,,,,,,,,,,,A,200,1,1,1,,,,,,,
200,911,MKL-11          ,指導書1,,,,,,,000,000,1,0,,NNNY,NNNY,NNNY,,,,,,,,,,,,,,,,,,,,,,,,,,,,,,0,0,999,0,,,,,,,,,3,,,,,,,,,,,,,,,A,200,1,1,1,,,,,,,
200,911,MKL-22              ,指導書2,,,,,,,000,000,1,0,,NNNY,NNNY,NNNY,,,,,,,,,,,,,,,,,,,,,,,,,,,,,,0,0,999,0,,,,,,,,,3,,,,,,,,,,,,,,,A,200,1,1,1,,,,,,,
200,911,MKL-30,小学生のリトミック,,,,,,,000,000,1,0,,NNNY,NNNY,NNNY,,,,,,,,,,,,,,,,,,,,,,,,,,,,,,0,0,999,0,,,,,,,,,3,,,,,,,,,,,,,,,A,200,1,1,1,,,,,,,
200,911,MKL-33 ,指導書3,,,,,,,000,000,1,0,,NNNY,NNNY,NNNY,,,,,,,,,,,,,,,,,,,,,,,,,,,,,,0,0,999,0,,,,,,,,,3,,,,,,,,,,,,,,,A,200,1,1,1,,,,,,,
200,911,MKL-45,指導書4・5,,,,,,,000,000,1,0,,NNNY,NNNY,NNNY,,,,,,,,,,,,,,,,,,,,,,,,,,,,,,0,0,999,0,,,,,,,,,3,,,,,,,,,,,,,,,A,200,1,1,1,,,,,,,
200,911,MKLC-45,指導書4・5付属ＣＤ,,,,,,,000,000,1,0,,NNNY,NNNY,NNNY,,,,,,,,,,,,,,,,,,,,,,,,,,,,,,0,0,999,0,,,,,,,,,3,,,,,,,,,,,,,,,A,200,1,1,1,,,,,,,
200,911,RB-1     ,リトミックバイエル 上,,,,,,,000,000,1,0,,NNNY,NNNY,NNNY,,,,,,,,,,,,,,,,,,,,,,,,,,,,,,0,0,999,0,,,,,,,,,3,,,,,,,,,,,,,,,A,200,1,1,1,,,,,,,
200,911,RB-2 ,リトミックバイエル 下  ,,,,,,,000,000,1,0,,NNNY,NNNY,NNNY,,,,,,,,,,,,,,,,,,,,,,,,,,,,,,0,0,999,0,,,,,,,,,3,,,,,,,,,,,,,,,A,200,1,1,1,,,,,,,
200,911,RBC    ,3色ボード    ,,,,,,,000,000,1,0,,NNNY,NNNY,NNNY,,,,,,,,,,,,,,,,,,,,,,,,,,,,,,0,0,999,0,,,,,,,,,3,,,,,,,,,,,,,,,A,200,1,1,1,,,,,,,
200,911,RC-2  ,リズムカ－ド(2拍子)  ,,,,,,,000,000,1,0,,NNNY,NNNY,NNNY,,,,,,,,,,,,,,,,,,,,,,,,,,,,,,0,0,999,0,,,,,,,,,3,,,,,,,,,,,,,,,A,200,1,1,1,,,,,,,
200,911,RC-3,リズムカ－ド(3拍子) ,,,,,,,000,000,1,0,,NNNY,NNNY,NNNY,,,,,,,,,,,,,,,,,,,,,,,,,,,,,,0,0,999,0,,,,,,,,,3,,,,,,,,,,,,,,,A,200,1,1,1,,,,,,,
200,911,RCD-1,認定試験課題CD初級  ,,,,,,,000,000,1,0,,NNNY,NNNY,NNNY,,,,,,,,,,,,,,,,,,,,,,,,,,,,,,0,0,999,0,,,,,,,,,3,,,,,,,,,,,,,,,A,200,1,1,1,,,,,,,
200,911,RCD-2,認定試験課題CD中級 ,,,,,,,000,000,1,0,,NNNY,NNNY,NNNY,,,,,,,,,,,,,,,,,,,,,,,,,,,,,,0,0,999,0,,,,,,,,,3,,,,,,,,,,,,,,,A,200,1,1,1,,,,,,,
200,911,RCD-3 ,認定試験課題CD上級,,,,,,,000,000,1,0,,NNNY,NNNY,NNNY,,,,,,,,,,,,,,,,,,,,,,,,,,,,,,0,0,999,0,,,,,,,,,3,,,,,,,,,,,,,,,A,200,1,1,1,,,,,,,
200,911,RCD-4 ,認定試験課題CDディプロマB        ,,,,,,,000,000,1,0,,NNNY,NNNY,NNNY,,,,,,,,,,,,,,,,,,,,,,,,,,,,,,0,0,999,0,,,,,,,,,3,,,,,,,,,,,,,,,A,200,1,1,1,,,,,,,
200,911,RCD-6,幼保1級練習用CD,,,,,,,000,000,1,0,,NNNY,NNNY,NNNY,,,,,,,,,,,,,,,,,,,,,,,,,,,,,,0,0,999,0,,,,,,,,,3,,,,,,,,,,,,,,,A,200,1,1,1,,,,,,,
200,911,RF-1B ,フラフープ(青) ,,,,,,,000,000,1,0,,NNNY,NNNY,NNNY,,,,,,,,,,,,,,,,,,,,,,,,,,,,,,0,0,999,0,,,,,,,,,3,,,,,,,,,,,,,,,A,200,1,1,1,,,,,,,
200,911,RF-1R,フラフープ(赤)   ,,,,,,,000,000,1,0,,NNNY,NNNY,NNNY,,,,,,,,,,,,,,,,,,,,,,,,,,,,,,0,0,999,0,,,,,,,,,3,,,,,,,,,,,,,,,A,200,1,1,1,,,,,,,
200,911,RF-1W,フラフープ(白)  ,,,,,,,000,000,1,0,,NNNY,NNNY,NNNY,,,,,,,,,,,,,,,,,,,,,,,,,,,,,,0,0,999,0,,,,,,,,,3,,,,,,,,,,,,,,,A,200,1,1,1,,,,,,,
200,911,RF-1Y,フラフープ(黄),,,,,,,000,000,1,0,,NNNY,NNNY,NNNY,,,,,,,,,,,,,,,,,,,,,,,,,,,,,,0,0,999,0,,,,,,,,,3,,,,,,,,,,,,,,,A,200,1,1,1,,,,,,,
200,911,RO,おはじき ,,,,,,,000,000,1,0,,NNNY,NNNY,NNNY,,,,,,,,,,,,,,,,,,,,,,,,,,,,,,0,0,999,0,,,,,,,,,3,,,,,,,,,,,,,,,A,200,1,1,1,,,,,,,
200,911,ROK-5 ,おとのかいだん,,,,,,,000,000,1,0,,NNNY,NNNY,NNNY,,,,,,,,,,,,,,,,,,,,,,,,,,,,,,0,0,999,0,,,,,,,,,3,,,,,,,,,,,,,,,A,200,1,1,1,,,,,,,
200,911,RS-1,ソルフェージュ1  ,,,,,,,000,000,1,0,,NNNY,NNNY,NNNY,,,,,,,,,,,,,,,,,,,,,,,,,,,,,,0,0,999,0,,,,,,,,,3,,,,,,,,,,,,,,,A,200,1,1,1,,,,,,,
200,911,RS-2,ソルフェージュ2,,,,,,,000,000,1,0,,NNNY,NNNY,NNNY,,,,,,,,,,,,,,,,,,,,,,,,,,,,,,0,0,999,0,,,,,,,,,3,,,,,,,,,,,,,,,A,200,1,1,1,,,,,,,
200,911,RS-3 ,ソルフェージュ3,,,,,,,000,000,1,0,,NNNY,NNNY,NNNY,,,,,,,,,,,,,,,,,,,,,,,,,,,,,,0,0,999,0,,,,,,,,,3,,,,,,,,,,,,,,,A,200,1,1,1,,,,,,,
200,911,RS-4 ,ソルフェージュ4,,,,,,,000,000,1,0,,NNNY,NNNY,NNNY,,,,,,,,,,,,,,,,,,,,,,,,,,,,,,0,0,999,0,,,,,,,,,3,,,,,,,,,,,,,,,A,200,1,1,1,,,,,,,
200,911,RS-5  ,ソルフェージュ5,,,,,,,000,000,1,0,,NNNY,NNNY,NNNY,,,,,,,,,,,,,,,,,,,,,,,,,,,,,,0,0,999,0,,,,,,,,,3,,,,,,,,,,,,,,,A,200,1,1,1,,,,,,,
200,911,RSK-01,ベビーのためのリトミック前期セット,,,,,,,000,000,1,0,,NNNY,NNNY,NNNY,,,,,,,,,,,,,,,,,,,,,,,,,,,,,,0,0,999,0,,,,,,,,,3,,,,,,,,,,,,,,,A,200,1,1,1,,,,,,,
200,911,RSK-02,ベビーのためのリトミック後期セット,,,,,,,000,000,1,0,,NNNY,NNNY,NNNY,,,,,,,,,,,,,,,,,,,,,,,,,,,,,,0,0,999,0,,,,,,,,,3,,,,,,,,,,,,,,,A,200,1,1,1,,,,,,,
200,911,RSK-11,リトミックセット1,,,,,,,000,000,1,0,,NNNY,NNNY,NNNY,,,,,,,,,,,,,,,,,,,,,,,,,,,,,,0,0,999,0,,,,,,,,,3,,,,,,,,,,,,,,,A,200,1,1,1,,,,,,,
200,911,RSK-22,リトミックセット2,,,,,,,000,000,1,0,,NNNY,NNNY,NNNY,,,,,,,,,,,,,,,,,,,,,,,,,,,,,,0,0,999,0,,,,,,,,,3,,,,,,,,,,,,,,,A,200,1,1,1,,,,,,,
200,911,RSK-33,リトミックセット3,,,,,,,000,000,1,0,,NNNY,NNNY,NNNY,,,,,,,,,,,,,,,,,,,,,,,,,,,,,,0,0,999,0,,,,,,,,,3,,,,,,,,,,,,,,,A,200,1,1,1,,,,,,,
200,911,RSK-44,リトミックセット4,,,,,,,000,000,1,0,,NNNY,NNNY,NNNY,,,,,,,,,,,,,,,,,,,,,,,,,,,,,,0,0,999,0,,,,,,,,,3,,,,,,,,,,,,,,,A,200,1,1,1,,,,,,,
200,911,RSK-55,リトミックセット5          ,,,,,,,000,000,1,0,,NNNY,NNNY,NNNY,,,,,,,,,,,,,,,,,,,,,,,,,,,,,,0,0,999,0,,,,,,,,,3,,,,,,,,,,,,,,,A,200,1,1,1,,,,,,,
200,911,RTN-3,3色積み木,,,,,,,000,000,1,0,,NNNY,NNNY,NNNY,,,,,,,,,,,,,,,,,,,,,,,,,,,,,,0,0,999,0,,,,,,,,,3,,,,,,,,,,,,,,,A,200,1,1,1,,,,,,,
200,911,RTNA   ,リズム積み木Ａセット ,,,,,,,000,000,1,0,,NNNY,NNNY,NNNY,,,,,,,,,,,,,,,,,,,,,,,,,,,,,,0,0,999,0,,,,,,,,,3,,,,,,,,,,,,,,,A,200,1,1,1,,,,,,,
200,911,RTNB,リズム積み木Ｂセット,,,,,,,000,000,1,0,,NNNY,NNNY,NNNY,,,,,,,,,,,,,,,,,,,,,,,,,,,,,,0,0,999,0,,,,,,,,,3,,,,,,,,,,,,,,,A,200,1,1,1,,,,,,,
200,911,RX-1    ,リトミックってなあに？,,,,,,,000,000,1,0,,NNNY,NNNY,NNNY,,,,,,,,,,,,,,,,,,,,,,,,,,,,,,0,0,999,0,,,,,,,,,3,,,,,,,,,,,,,,,A,200,1,1,1,,,,,,,
200,911,RX-2,ダルクロ－ズのリトミック,,,,,,,000,000,1,0,,NNNY,NNNY,NNNY,,,,,,,,,,,,,,,,,,,,,,,,,,,,,,0,0,999,0,,,,,,,,,3,,,,,,,,,,,,,,,A,200,1,1,1,,,,,,,
200,911,RX-3,こどもがぐんぐん伸びる音楽あそび,,,,,,,000,000,1,0,,NNNY,NNNY,NNNY,,,,,,,,,,,,,,,,,,,,,,,,,,,,,,0,0,999,0,,,,,,,,,3,,,,,,,,,,,,,,,A,200,1,1,1,,,,,,,
200,911,RXK-6 ,1～5歳のたのしいリトミック(CD付き),,,,,,,000,000,1,0,,NNNY,NNNY,NNNY,,,,,,,,,,,,,,,,,,,,,,,,,,,,,,0,0,999,0,,,,,,,,,3,,,,,,,,,,,,,,,A,200,1,1,1,,,,,,,
200,911,RXK-7,保育ではじめてリトミック(DVD付き),,,,,,,000,000,1,0,,NNNY,NNNY,NNNY,,,,,,,,,,,,,,,,,,,,,,,,,,,,,,0,0,999,0,,,,,,,,,3,,,,,,,,,,,,,,,A,200,1,1,1,,,,,,,
200,911,RXM-1   ,ママひとりでするの手伝ってね,,,,,,,000,000,1,0,,NNNY,NNNY,NNNY,,,,,,,,,,,,,,,,,,,,,,,,,,,,,,0,0,999,0,,,,,,,,,3,,,,,,,,,,,,,,,A,200,1,1,1,,,,,,,
200,911,RXR-1,リズムと音楽と教育,,,,,,,000,000,1,0,,NNNY,NNNY,NNNY,,,,,,,,,,,,,,,,,,,,,,,,,,,,,,0,0,999,0,,,,,,,,,3,,,,,,,,,,,,,,,A,200,1,1,1,,,,,,,
200,911,RXR-2,エミール・ジャック=ダルクローズ ,,,,,,,000,000,1,0,,NNNY,NNNY,NNNY,,,,,,,,,,,,,,,,,,,,,,,,,,,,,,0,0,999,0,,,,,,,,,3,,,,,,,,,,,,,,,A,200,1,1,1,,,,,,,
200,911,RXR-3,音楽教育メソードの比較,,,,,,,000,000,1,0,,NNNY,NNNY,NNNY,,,,,,,,,,,,,,,,,,,,,,,,,,,,,,0,0,999,0,,,,,,,,,3,,,,,,,,,,,,,,,A,200,1,1,1,,,,,,,
200,911,RXR-4 ,リズム･インサイド   ,,,,,,,000,000,1,0,,NNNY,NNNY,NNNY,,,,,,,,,,,,,,,,,,,,,,,,,,,,,,0,0,999,0,,,,,,,,,3,,,,,,,,,,,,,,,A,200,1,1,1,,,,,,,
200,911,RXR-5    ,音楽のリズム,,,,,,,000,000,1,0,,NNNY,NNNY,NNNY,,,,,,,,,,,,,,,,,,,,,,,,,,,,,,0,0,999,0,,,,,,,,,3,,,,,,,,,,,,,,,A,200,1,1,1,,,,,,,
200,911,SF-5     ,スカーフ(5枚入) ,,,,,,,000,000,1,0,,NNNY,NNNY,NNNY,,,,,,,,,,,,,,,,,,,,,,,,,,,,,,0,0,999,0,,,,,,,,,3,,,,,,,,,,,,,,,A,200,1,1,1,,,,,,,
200,911,ST,スティック,,,,,,,000,000,1,0,,NNNY,NNNY,NNNY,,,,,,,,,,,,,,,,,,,,,,,,,,,,,,0,0,999,0,,,,,,,,,3,,,,,,,,,,,,,,,A,200,1,1,1,,,,,,,
200,911,WB-1,ウッドブロック,,,,,,,000,000,1,0,,NNNY,NNNY,NNNY,,,,,,,,,,,,,,,,,,,,,,,,,,,,,,0,0,999,0,,,,,,,,,3,,,,,,,,,,,,,,,A,200,1,1,1,,,,,,,
200,911,YRL-012,園児のためのリトミック0・1・2歳,,,,,,,000,000,1,0,,NNNY,NNNY,NNNY,,,,,,,,,,,,,,,,,,,,,,,,,,,,,,0,0,999,0,,,,,,,,,3,,,,,,,,,,,,,,,A,200,1,1,1,,,,,,,
200,911,YRL-003,園児のためのリトミック3歳,,,,,,,000,000,1,0,,NNNY,NNNY,NNNY,,,,,,,,,,,,,,,,,,,,,,,,,,,,,,0,0,999,0,,,,,,,,,3,,,,,,,,,,,,,,,A,200,1,1,1,,,,,,,
200,911,YRL-045,園児のためのリトミック4・5歳,,,,,,,000,000,1,0,,NNNY,NNNY,NNNY,,,,,,,,,,,,,,,,,,,,,,,,,,,,,,0,0,999,0,,,,,,,,,3,,,,,,,,,,,,,,,A,200,1,1,1,,,,,,,
200,911,YRL-31   ,幼保リトミック3歳児       ,,,,,,,000,000,1,0,,NNNY,NNNY,NNNY,,,,,,,,,,,,,,,,,,,,,,,,,,,,,,0,0,999,0,,,,,,,,,3,,,,,,,,,,,,,,,A,200,1,1,1,,,,,,,
200,911,YRL-41,幼保リトミック4歳児 ,,,,,,,000,000,1,0,,NNNY,NNNY,NNNY,,,,,,,,,,,,,,,,,,,,,,,,,,,,,,0,0,999,0,,,,,,,,,3,,,,,,,,,,,,,,,A,200,1,1,1,,,,,,,
200,911,YRL-51 ,幼保リトミック5歳児,,,,,,,000,000,1,0,,NNNY,NNNY,NNNY,,,,,,,,,,,,,,,,,,,,,,,,,,,,,,0,0,999,0,,,,,,,,,3,,,,,,,,,,,,,,,A,200,1,1,1,,,,,,,
200,911,NSK-01,認定指定校1級セット,,,,,,,000,000,1,0,,NNNY,NNNY,NNNY,,,,,,,,,,,,,,,,,,,,,,,,,,,,,,0,0,999,0,,,,,,,,,3,,,,,,,,,,,,,,,A,200,1,1,1,,,,,,,
200,911,NSK-02,認定指定校2級セット,,,,,,,000,000,1,0,,NNNY,NNNY,NNNY,,,,,,,,,,,,,,,,,,,,,,,,,,,,,,0,0,999,0,,,,,,,,,3,,,,,,,,,,,,,,,A,200,1,1,1,,,,,,,
200,911,YP-2024,教員養成校パンフレット,,,,,,,000,000,1,0,,NNNY,NNNY,NNNY,,,,,,,,,,,,,,,,,,,,,,,,,,,,,,0,0,999,0,,,,,,,,,3,,,,,,,,,,,,,,,A,200,1,1,1,,,,,,,
200,911,YG-2024,教員養成校願書,,,,,,,000,000,1,0,,NNNY,NNNY,NNNY,,,,,,,,,,,,,,,,,,,,,,,,,,,,,,0,0,999,0,,,,,,,,,3,,,,,,,,,,,,,,,A,200,1,1,1,,,,,,,
200,911,YT-2024,教員養成東京校要項,,,,,,,000,000,1,0,,NNNY,NNNY,NNNY,,,,,,,,,,,,,,,,,,,,,,,,,,,,,,0,0,999,0,,,,,,,,,3,,,,,,,,,,,,,,,A,200,1,1,1,,,,,,,
200,911,YO-2024,教員養成大阪校要項,,,,,,,000,000,1,0,,NNNY,NNNY,NNNY,,,,,,,,,,,,,,,,,,,,,,,,,,,,,,0,0,999,0,,,,,,,,,3,,,,,,,,,,,,,,,A,200,1,1,1,,,,,,,
200,911,YN-2024,教員養成名古屋校要項,,,,,,,000,000,1,0,,NNNY,NNNY,NNNY,,,,,,,,,,,,,,,,,,,,,,,,,,,,,,0,0,999,0,,,,,,,,,3,,,,,,,,,,,,,,,A,200,1,1,1,,,,,,,
200,911,SY-2024,月例パンフレット,,,,,,,000,000,1,0,,NNNY,NNNY,NNNY,,,,,,,,,,,,,,,,,,,,,,,,,,,,,,0,0,999,0,,,,,,,,,3,,,,,,,,,,,,,,,A,200,1,1,1,,,,,,,
200,911,SZ-2024,月例キャンペーンチラシ,,,,,,,000,000,1,0,,NNNY,NNNY,NNNY,,,,,,,,,,,,,,,,,,,,,,,,,,,,,,0,0,999,0,,,,,,,,,3,,,,,,,,,,,,,,,A,200,1,1,1,,,,,,,
200,911,SZ-2025,月例キャンペーンチラシ2025,,,,,,,000,000,1,0,,NNNY,NNNY,NNNY,,,,,,,,,,,,,,,,,,,,,,,,,,,,,,0,0,999,0,,,,,,,,,3,,,,,,,,,,,,,,,A,200,1,1,1,,,,,,,
200,911,NKC-01,口座振替チラシ（裏面 口座振替依頼書記入例）,,,,,,,000,000,1,0,,NNNY,NNNY,NNNY,,,,,,,,,,,,,,,,,,,,,,,,,,,,,,0,0,999,0,,,,,,,,,3,,,,,,,,,,,,,,,A,200,1,1,1,,,,,,,
200,911,NKC-02,子育て親塾　チラシ,,,,,,,000,000,1,0,,NNNY,NNNY,NNNY,,,,,,,,,,,,,,,,,,,,,,,,,,,,,,0,0,999,0,,,,,,,,,3,,,,,,,,,,,,,,,A,200,1,1,1,,,,,,,
200,911,NKJ-01,子育て親塾　受講確認用紙,,,,,,,000,000,1,0,,NNNY,NNNY,NNNY,,,,,,,,,,,,,,,,,,,,,,,,,,,,,,0,0,999,0,,,,,,,,,3,,,,,,,,,,,,,,,A,200,1,1,1,,,,,,,
200,911,NKF-01,教室あて提出封筒,,,,,,,000,000,1,0,,NNNY,NNNY,NNNY,,,,,,,,,,,,,,,,,,,,,,,,,,,,,,0,0,999,0,,,,,,,,,3,,,,,,,,,,,,,,,A,200,1,1,1,,,,,,,
200,911,NKF-02,NKSあて返信封筒,,,,,,,000,000,1,0,,NNNY,NNNY,NNNY,,,,,,,,,,,,,,,,,,,,,,,,,,,,,,0,0,999,0,,,,,,,,,3,,,,,,,,,,,,,,,A,200,1,1,1,,,,,,,
200,911,NKR-01,口座振替依頼書,,,,,,,000,000,1,0,,NNNY,NNNY,NNNY,,,,,,,,,,,,,,,,,,,,,,,,,,,,,,0,0,999,0,,,,,,,,,3,,,,,,,,,,,,,,,A,200,1,1,1,,,,,,,
200,911,123,テスト,,,,,,,000,000,1,0,,NNNY,NNNY,NNNY,,,,,,,,,,,,,,,,,,,,,,,,,,,,,,0,0,999,0,,,,,,,,,3,,,,,,,,,,,,,,,A,200,1,1,1,,,,,,,
200,911,11111,tes,,,,,,,000,000,1,0,,NNNY,NNNY,NNNY,,,,,,,,,,,,,,,,,,,,,,,,,,,,,,0,0,999,0,,,,,,,,,3,,,,,,,,,,,,,,,A,200,1,1,1,,,,,,,
200,911,test_0001,テスト商品0001,,,,,,,000,000,1,0,,NNNY,NNNY,NNNY,,,,,,,,,,,,,,,,,,,,,,,,,,,,,,0,0,999,0,,,,,,,,,3,,,,,,,,,,,,,,,A,200,1,1,1,,,,,,,
200,911,ROK-11,月例研修会受講のしおり（園児）,,,,,,,000,000,1,0,,NNNY,NNNY,NNNY,,,,,,,,,,,,,,,,,,,,,,,,,,,,,,0,0,999,0,,,,,,,,,3,,,,,,,,,,,,,,,A,200,1,1,1,,,,,,,